Alimento,Energia (kcal),Energia (kJ)
Acciuga o alice,96,403
"Acciuga o alice, sotto sale",137,571
"Acciuga o alice, sott'olio",206,862
Aglio,53,222
Aglio Bianco Piacentino,47,197
Aglio Rosso di Castelliri,52,216
Aglio Rosso di Procerno,57,237
Aglio Rosso di Sulmona,58,244
"Agnello, coscio, cotto, al forno",118,494
"Agnello, coscio, crudo",102,429
"Agnello, costoletta, cotto, al forno",118,493
"Agnello, costoletta, crudo",106,443
"Agnello, cotto, al forno",199,833
"Agnello, crudo",159,666
"Agretti, cotti, bolliti",25,106
"Agretti, crudi",22,91
"Albicocche, disidratate",356,1488
"Albicocche, fresche",42,177
"Albicocche, sciroppate",65,271
"Albicocche, secche",286,1196
Alici al forno,172,720
Alici marinate,120,501
"Amarene, fresche",44,183
Anacardi,604,2526
"Ananas, fresco",42,174
"Ananas, sciroppato",66,275
"Anatra domestica, crudo",159,667
"Anguilla d'allevamento, filetti",237,991
Anguilla di fiume,261,1092
Anguilla di mare,237,993
"Anguilla, affumicata",231,966
"Anguilla, marinata",259,1082
Animelle di bovino,304,1271
"Animelle di bovino, cotte",434,1818
"Anona, fresca",73,304
Aperitivi a base di vino,186,777
"Arachidi, tostate",620,2593
Aragosta,85,355
"Aragosta, bollita",86,358
"Arance bionde succo, fresco",38,159
"Arance bionde, fresche",45,188
"Arance Moro, fresche",42,174
"Arance rosse succo, fresco",39,163
"Arance rosse, fresche",45,188
"Arance Sanguinello, fresche",47,195
"Arance succo, fresco",33,137
"Arance Tarocco, fresche",45,190
"Arance Valencia, fresche",39,162
"Arance Washington Navel, fresche",44,185
"Arance, fresche",37,155
Aranciata,38,159
Aringa,216,905
"Aringa, affumicata",194,811
"Aringa, marinata",199,833
"Aringa, sotto sale",218,911
"Asparagi di bosco, crudi",40,166
"Asparagi di campo, cotti, bolliti",34,142
"Asparagi di campo, crudi",33,136
"Asparagi di serra, crudi",28,119
"Avocado, fresco",238,996
Baba' al rhum,288,1203
"Babaco, fresco",24,99
Baccalà alla vicentina,520,2174
"Banane, fresche",76,319
"Barbabietole rosse, cotte, bollite",43,180
"Barbabietole rosse, crude",25,103
Barretta al cocco ricoperta di cioccolato,472,1976
"Basilico, fresco",42,177
Bastoncini di crusca di frumento,301,1258
Besciamella,139,580
Bevanda tipo cola,39,165
"Bieta, cotta, al microonde",15,64
"Bieta, cotta, bollita",18,74
"Bieta, cruda",15,64
Birra chiara,34,140
"Biscotti, alla soia",375,1571
"Biscotti, frollini",426,1781
"Biscotti, integrali",419,1755
"Biscotti, integrali, con soia",464,1940
"Biscotti, secchi",404,1691
"Biscotti, wafers",452,1893
Boga,87,364
"Bottarga, cefalo muggine",405,1696
"Bovino adulto o vitellone, copertina di sotto, copertina di spalla, sottospalla e collo, crudo",132,554
"Bovino adulto o vitellone, costata, crudo",140,586
"Bovino adulto o vitellone, fesa, crudo",103,433
"Bovino adulto o vitellone, filetto, crudo",127,531
"Bovino adulto o vitellone, geretto anteriore e posteriore, crudo",112,470
"Bovino adulto o vitellone, girello, crudo",110,462
"Bovino adulto o vitellone, lombata, crudo",134,561
"Bovino adulto o vitellone, noce, crudo",106,443
"Bovino adulto o vitellone, pancia, biancostato e punta di petto, crudo",171,714
"Bovino adulto o vitellone, scamone, crudo",119,497
"Bovino adulto o vitellone, sottofesa, crudo",111,466
"Bovino adulto o vitellone, spalla, muscolo, girello e fesone, crudo",108,450
"Bovino adulto o vitellone, tagli anteriori, crudo",145,607
"Bovino adulto o vitellone, tagli posteriori, crudo",117,488
Brandy,230,964
Brasato al Barolo,108,452
Bresaola della Valtellina IGP,152,636
Brie,320,1339
"Broccoletti di rapa, cotti, bolliti",29,122
"Broccoletti di rapa, crudi",28,115
"Broccolo a testa, cotto, bollito",34,144
"Broccolo a testa, crudo",33,140
"Bufalo, solo tessuto muscolare, crudo",98,410
Burrini,527,2204
Burro,758,3171
Burro d'arachidi,625,2615
Butirro calabro,449,1879
"Cacao amaro, in polvere",355,1486
Caciocavallo,431,1805
Cacioricotta di capra,182,761
Caciotta mista,384,1606
Caciotta romana di pecora,364,1525
Caciotta toscana,368,1539
Caciottina fresca,263,1099
Caciottina mista,370,1547
Caciottina vaccina,324,1357
Caffe' tostato,287,1201
Calamaro,68,284
Calamaro surgelato,68,285
Camembert,307,1283
Canditi,292,1223
"Cannoli alla crema, industriale",368,1541
Cannoli siciliani,325,1358
Capitone,247,1035
Capocollo,450,1884
Capocollo di Calabria,344,1439
"Capra, solo tessuto muscolare, crudo",106,441
"Capretto, crudo",113,472
Caramelle dure,344,1437
"Caramelle tipo ""mou""",430,1798
Carciofi alla romana,85,355
"Carciofi, cotti, al microonde",34,140
"Carciofi, cotti, bolliti",44,185
"Carciofi, crudi",33,138
"Carciofi, surgelati",32,134
Carciofo Romanesco IGP,48,199
"Carciofo, Spinoso sardo",45,187
"Carciofo, verde, precoce",45,187
"Carciofo, violetto, precoce",43,182
"Cardi, cotti, bolliti",22,91
"Cardi, crudi",13,53
"Carne bovina in gelatina, in scatola",67,279
"Carne bovina pressata, in scatola",141,589
"Carote, cotte, al microonde",41,173
"Carote, cotte, bollite",47,196
"Carote, crude",41,171
Carpa,139,584
Carrube,253,1058
Castagnaccio,234,978
Castagne,174,728
"Castagne, arrostite",210,878
"Castagne, bollite",130,545
"Castagne, secche",315,1317
"Cavallo, solo tessuto muscolare, crudo",106,442
"Cavallo, tessuto muscolare e grasso, crudo",143,597
"Caviale, storione",255,1067
"Cavolfiore, cotto, al microonde",30,125
"Cavolfiore, cotto, bollito",31,132
"Cavolfiore, crudo",30,124
"Cavoli di Bruxelles, cotti, bolliti",53,220
"Cavoli di Bruxelles, crudi",47,197
"Cavolo broccolo verde ramoso, cotto, bollito",52,219
"Cavolo broccolo verde ramoso, crudo",30,125
"Cavolo cappuccio, rosso, crudo",22,90
"Cavolo cappuccio, verde, cotto, bollito",24,100
"Cavolo cappuccio, verde, crudo",24,100
"Cavolo verza, cotto, bollito",29,121
"Cavolo verza, cruda",29,121
"Ceci, in scatola, scolati",111,465
"Ceci, secchi",343,1437
"Ceci, secchi, cotti, bolliti",132,553
Cefalo muggine,127,531
Cernia surgelata,88,368
Cervello di bovino,157,658
"Cervo, solo tessuto muscolare, crudo",91,382
"Cetrioli, freschi",16,65
Cheddar,388,1622
"Cheese burger, fast food",300,1257
"Chicken Nuggets, fast food",242,1012
Ciccioli,636,2662
"Cicoria, da taglio, coltivata, cruda",14,61
"Cicoria, di campo, cotta, bollita",17,72
"Cicoria, di campo, cruda",17,72
"Cicoria, witloof o indivia belga, cruda",20,82
"Ciliege, candite",252,1056
"Ciliege, fresche",48,201
"Cioccolato, al latte",552,2308
"Cioccolato, al latte con nocciole",553,2313
"Cioccolato, fondente",531,2222
"Cipolle, cotte, bollite",39,161
"Cipolle, crude",28,118
"Cipolline, cotte, bollite",53,223
"Cipolline, crude",42,175
"Clementine, fresche",40,165
"Cocco, essiccato",669,2800
"Cocco, fresco",358,1497
Cocktail di frutta sciroppata,59,248
"Cocomero, fresco",16,67
"Coniglio intero, crudo",118,495
"Coniglio, coscio, crudo",137,574
"Coniglio, intero surgelato, crudo",116,487
"Coniglio, intero, cotto",166,693
Coppa,400,1674
Coratella di agnello,109,455
Coratella di vitello,100,419
Coregone,135,564
Corn flakes,367,1535
Cornetti,403,1685
Corvina,88,368
"Cotechino Modena IGP, cotto",253,1059
"Cotechino, confezionato precotto",449,1881
"Couscous, cotto",179,747
"Couscous, crudo",361,1509
Cozza o mitilo,84,351
"Crackers, al formaggio",498,2082
"Crackers, alla soia",421,1763
"Crackers, integrali",402,1682
"Crackers, salati",386,1616
"Crema di latte, 12% di lipidi",140,587
Crema di nocciole e cacao,537,2247
Crescenza,281,1177
Croissants,362,1513
"Crostata, con crema al cacao, industriale",492,2058
"Crostata, con marmellata di albicocche, industriale",421,1761
"Crostata, con marmellata, industriale",339,1418
Crusca di frumento,290,1215
Cuore di bovino,123,515
"Cuore di bovino, cotto",189,791
Cuore di equino,146,612
Cuore di ovino,134,560
Cuore di pollo,103,431
"Cuore di pollo, cotto",147,616
Cuore di suino,159,667
Cuore di tacchino,103,431
"Cuore di tacchino, cotto",147,616
Dadi da brodo,250,1045
"Daino, solo tessuto muscolare, crudo",95,397
"Datteri, secchi",270,1131
Dentice,101,422
"Dentice, surgelato",103,431
Dolce verde,276,1153
Edam,326,1364
Emmenthal,403,1686
"Fagiano, crudo",144,602
Fagioli,326,1362
"Fagioli dall'occhio, secchi",318,1332
"Fagioli, Borlotti, freschi",143,597
"Fagioli, Borlotti, freschi, cotti, bolliti",78,325
"Fagioli, Borlotti, in scatola, scolati",102,426
"Fagioli, Borlotti, secchi",312,1307
"Fagioli, Borlotti, secchi, cotti, bolliti",106,446
"Fagioli, Cannellini in scatola, scolati",86,359
"Fagioli, Cannellini, secchi",314,1313
"Fagioli, Cannellini, secchi, cotti, bolliti",107,448
"Fagioli, cotti, bolliti",117,491
"Fagiolini a corallo, cotti, bolliti",31,129
"Fagiolini, freschi",24,101
"Fagiolini, surgelati, cotti, bolliti",31,129
Falafel,198,828
"Faraona, coscio, con pelle, crudo",133,554
"Faraona, coscio, senza pelle, cotto, allo spiedo",194,810
"Faraona, coscio, senza pelle, crudo",127,531
"Faraona, petto, senza pelle, cotto, allo spiedo",146,611
"Faraona, petto, senza pelle, crudo",121,506
Farina d'avena,378,1582
Farina di castagne,318,1330
"Farina di frumento, duro",330,1380
"Farina di frumento, integrale",313,1311
"Farina di frumento, tipo 0",321,1345
"Farina di frumento, tipo 00",323,1352
Farina di mais,341,1426
Farina di manioca,332,1389
Farina di riso,332,1390
Farina di segale,342,1429
Farina di soia,469,1962
Farina d'orzo,333,1393
"Farro perlato, cotto, bollito",178,744
"Farro perlato, crudo",353,1476
"Fave, fresche",51,215
"Fave, fresche, cotte, in padella",61,253
"Fave, secche",331,1387
"Fave, secche, sgusciate, cotte, bollite",146,610
"Fave, secche, sgusciate, crude",343,1434
Fecola di patate,346,1447
Fegato di bovino,142,593
"Fegato di bovino, cotto",190,793
Fegato di equino,145,609
Fegato di ovino,135,565
Fegato di pollo,154,642
"Fegato di pollo, cotto",192,802
Fegato di suino,140,586
"Fegato di suino, cotto",183,764
Fegato di tacchino,127,532
"Fegato di tacchino, cotto",195,818
"Feijoa, fresca",59,247
Feta,250,1045
Fette biscottate,387,1621
"Fette biscottate, integrali",394,1648
"Fichi d'india, freschi",63,263
"Fichi, canditi",294,1232
"Fichi, freschi",63,262
"Fichi, seccati al forno e mandorlati",305,1275
"Fichi, secchi",282,1179
"Finocchi, cotti, al microonde",15,62
"Finocchi, cotti, bolliti",17,72
"Finocchi, crudi",15,62
Fiocchi d'avena,367,1534
Fiocchi di formaggio magro,115,480
Fior di latte,268,1120
"Fiori di zucca, freschi",18,75
"Foglie di rapa, crude",27,112
Fontina,361,1511
Formaggino,309,1295
Formaggino con ridotto contenuto di grasso,239,999
Formaggio cremoso spalmabile,313,1311
"Formaggio cremoso spalmabile, light",179,749
Formaggio molle da tavola,377,1578
"Fragole, fresche",30,127
Frittata,185,774
Frittata prosciutto e formaggio,205,856
Frumento duro,332,1389
Frumento tenero,336,1408
Frutta mista caramellata,217,909
"Funghi coltivati, pleurotes, cotti, in padella",35,148
"Funghi coltivati, pleurotes, crudi",37,156
"Funghi coltivati, prataioli, cotti, in padella",46,192
"Funghi coltivati, prataioli, crudi",24,101
"Funghi ovuli, crudi",23,95
"Funghi porcini, crudi",31,128
"Gallina, crudo",194,813
Gamberetti con funghi e bambù,110,460
Gamberi,71,296
"Gamberi sgusciati, surgelati",85,356
Gateau,156,653
"Gelato confezionato, biscotto con crema, zabaione e cioccolato",271,1134
"Gelato confezionato, cacao, in vaschetta",173,725
"Gelato confezionato, caffè, in vaschetta",245,1025
"Gelato confezionato, cono con panna e cioccolato",291,1217
"Gelato confezionato, cono con panna, scaglie di cioccolato e noccioline",326,1365
"Gelato confezionato, fior di latte, in vaschetta",218,911
"Gelato confezionato, fior di latte, ricoperto di sorbetto alla fragola",101,422
"Gelato confezionato, ghiacciolo all'arancio",137,573
"Gelato confezionato, nocciola, in vaschetta",183,767
"Gelato confezionato, panna ricoperta di cioccolato fondente",316,1324
"Gelato confezionato, panna, in vaschetta",189,789
"Gelato confezionato, sorbetto al limone, in vaschetta",132,552
"Gelato confezionato, stracciatella, in vaschetta",193,806
"Gelato confezionato, vaniglia, in vaschetta",167,701
Gelato misto fritto,252,1055
Germe di frumento,378,1582
Germogli di soia,54,227
Gnocchi al pesto alla genovese,186,777
Gnocchi al ragù alla bolognese,175,732
Gnocchi al sugo di pomodoro,112,467
"Gnocchi di patate, cotti",147,615
"Gnocchi di patate, crudi",164,687
"Gomme da masticare, lastrine e confetti",262,1098
Gorgonzola,324,1356
"Grana Padano, DOP",392,1641
"Granchio, in scatola",81,337
Grano saraceno,329,1376
Grappa,242,1014
Grissini,421,1763
Groviera,417,1744
"Guava, fresca",31,131
Halibut,114,477
"Hamburger piccolo, solo carne, fast food",264,1103
"Hamburger, fast food",251,1051
Hummus,168,704
"Indivia, fresca",20,82
Involtini Primavera,238,997
Italico,316,1323
Kebab solo carne,269,1126
"Ketchup, salsa",100,420
"Kiwi, freschi",48,202
"Lamponi, freschi",49,203
Lardo,891,3728
Lasagna,196,819
Lattarini,145,606
Latte di bufala,114,475
Latte di capra,76,320
Latte di pecora,103,430
"Latte di vacca, condensato, zuccherato",328,1371
"Latte di vacca, evaporato, non zuccherato",134,561
"Latte di vacca, in polvere, intero",484,2027
"Latte di vacca, in polvere, parzialmente scremato",418,1748
"Latte di vacca, in polvere, scremato",351,1470
"Latte di vacca, pastorizzato, intero",64,268
"Latte di vacca, pastorizzato, parzialmente scremato",46,194
"Latte di vacca, pastorizzato, scremato",36,151
"Latte di vacca, UHT, intero",63,265
"Latte di vacca, UHT, parzialmente scremato",46,194
Latteria,456,1906
"Lattuga, a cappuccio, fresca",22,91
"Lattuga, da taglio, fresca",17,69
"Lattuga, fresca",22,92
"Lattughino IV gamma, fresco",16,66
"Lattughino, fresco",16,68
Lenti colorate ripiene di cioccolato,456,1909
"Lenticchie, in scatola, scolate",91,379
"Lenticchie, secche",319,1335
"Lenticchie, secche, cotte, bollite",109,456
"Lievito di birra, compresso",70,293
"Limoni, freschi",16,65
"Limoni, succo",10,43
Lingua di bovino,232,970
"Lingua di bovino, cotta, fritta",309,1293
Liquori da dessert,314,1314
"Litchi, freschi",72,303
"Loti o kaki, freschi",70,293
Luccio,81,337
"Lumaca, cruda",67,280
"Lupini, ammollati",119,500
Macadamia,751,3143
Maiale in agrodolce,233,973
"Maiale, bistecca, cotto, in padella",187,783
"Maiale, bistecca, crudo",157,658
"Maiale, coscio, crudo",110,459
"Maiale, lombo, crudo",146,610
"Maiale, pesante, coscio, crudo",127,533
"Maiale, pesante, lombo, crudo",172,721
"Maiale, pesante, spalla, crudo",156,653
"Maiale, spalla, crudo",133,555
"Maionese, artigianale",660,2761
"Maionese, industriale",655,2741
Mais,357,1492
"Mais, amido",328,1370
"Mais, dolce, in scatola, sgocciolato",105,439
"Mandaranci, freschi",57,240
"Mandarini, freschi",76,317
"Mandorle dolci, secche",628,2629
"Mango, fresco",56,235
"Margarina, 100% vegetale",760,3179
"Margarina, 2/3 di grassi animali, 1/3 di grassi vegetali",760,3181
Marmellata,227,948
Marsala all'uovo,150,629
Marsala tipico,203,850
Mascarpone,455,1902
"Melagrane, fresche",68,284
"Melanzane, cotte, al microonde",23,96
"Melanzane, cotte, in padella",39,164
"Melanzane, crude",23,94
"Mele cotogne, fresche",38,157
"Mele, disidratate",356,1491
"Mele, fresche, annurche",45,187
"Mele, fresche, con buccia",44,182
"Mele, fresche, deliziose",46,194
"Mele, fresche, golden",46,193
"Mele, fresche, granny smith",42,176
"Mele, fresche, imperatore",48,200
"Mele, fresche, renette",43,180
"Mele, fresche, senza buccia",57,240
"Melone, d'estate, fresco",34,143
"Melone, d'inverno, fresco",24,99
Melù o pesce molo,72,303
"Melù o pesce molo, stoccafisso, ammollato",92,385
"Melù o pesce molo, stoccafisso, secco",356,1490
"Menta, fresca",49,205
"Merendine, con marmellata, industriale",364,1524
"Merendine, farcite con cacao, industriale",410,1716
"Merendine, tipo briosche, industriale",440,1839
"Merendine, tipo pan di Spagna, industriale",386,1613
"Merendine, tipo pasta frolla, industriale",447,1872
Merluzzo in umido,86,358
Merluzzo o nasello,71,296
"Merluzzo o nasello, baccalà, ammollato",95,399
"Merluzzo o nasello, baccalà, secco",131,549
"Merluzzo o nasello, bastoncini di pesce, surgelati",191,800
"Merluzzo o nasello, surgelato",75,312
"Merluzzo o nasello, surgelato, cotto, al microonde",107,449
"Merluzzo o nasello, surgelato, cotto, in forno",78,327
"Merluzzo o nasello, surgelato, filetti",68,284
Miele,304,1270
Miglio,343,1434
"Miglio, decorticato",342,1432
Milza di bovino,107,449
"Minestre in scatola, crema di asparagi",26,109
"Minestre in scatola, crema di cipolle",26,109
"Minestre in scatola, crema di funghi",56,233
"Minestre in scatola, crema di pollo",58,242
"Minestre in scatola, crema di pomodori",36,151
Minestrone liofilizzato,298,1247
"Minestrone, cotto",45,188
"Mirtilli, freschi",49,207
Mora di rovo,42,176
Mormora,97,404
Mortadella Bologna IGP,288,1204
Mortadella di bovino e suino,388,1624
Mozzarella di bufala,288,1205
Mozzarella di bufala campana DOP,257,1075
Mozzarella di vacca,253,1058
Muesli,374,1567
Nachos,512,2140
"Nespole, fresche",32,135
"Nocciole, secche",671,2808
Noci,589,2464
Noci pecan,723,3027
"Noci, secche",702,2936
Nuvole di gamberi,559,2339
"Oca, crudo",373,1560
Occhiata,117,489
Olii vegetali,899,3762
Olio di arachide,899,3762
Olio di cocco,899,3762
Olio di colza,899,3762
Olio di fegato di merluzzo,899,3762
Olio di germe di grano,899,3762
Olio di girasole,899,3762
Olio di mais,899,3762
Olio di mandorle dolci,899,3762
Olio di oliva,899,3762
Olio di oliva extra vergine,899,3762
Olio di palma,899,3762
Olio di sesamo,899,3762
Olio di soia,899,3762
Olio di vinacciolo,899,3762
Oliva Giarraffa,192,801
Oliva Nocellara del Belice,211,884
Olive da tavola conservate,277,1157
"Olive, nere",243,1017
"Olive, verdi",148,619
"Olive, verdi, in salamoia",113,473
"Orata fresca d'allevamento, filetti",159,665
"Orata fresca, filetti",121,505
"Orata, surgelata",94,392
Orzo perlato,346,1447
"Orzo perlato, cotto, bollito",118,495
Ostrica,69,289
Pagello,101,423
Pagello bocca d'oro,118,495
Palombo,80,333
Pan di Spagna,275,1153
Pancetta arrotolata,530,2219
Pancetta magretta,314,1316
Pancetta tesa,337,1408
Pane al malto,278,1163
Pane azzimo,365,1528
Pane bianco,268,1120
Pane di segale,228,954
Pane di tipo integrale,224,938
Pane di tipo semintegrale,239,1001
Pane formato rosetta,275,1152
Panettone,337,1409
Pangrattato,357,1496
Panini al latte,298,1249
Panini all'olio,288,1204
"Panino con hamburger piccolo, fast food",254,1061
"Panino, fast food",248,1036
"Panna da cucina, sterilizzata, 23% di lipidi",233,974
"Panna da montare, 35% di lipidi",337,1410
"Papaia, fresca",33,138
Pappa reale,146,613
Parmigiana di melanzane,242,1011
Parmigiano Reggiano DOP,397,1661
"Passiflora, fresca",64,267
"Pasta aglio, olio e peperoncino",190,795
Pasta al pesto alla genovese,175,732
Pasta al ragù alla bolognese,168,703
Pasta al sugo di pomodoro,113,472
Pasta alla amatriciana,241,1007
Pasta alla carbonara,245,1024
Pasta alle vongole,157,657
"Pasta all'uovo, secca",346,1449
"Pasta all'uovo, secca, cotta, bollita",123,516
Pasta burro e parmigiano,184,769
Pasta cacio e pepe,167,699
Pasta di mandorle,455,1904
Pasta di semola,341,1426
"Pasta di semola, cotta, bollita",175,731
"Pasta di semola, integrale",330,1382
"Pasta di semola, integrale, cotta, bollita",182,763
Pasta e fagioli,116,485
Pasta integrale al sugo di pomodoro,132,554
Pastiera,295,1235
"Patate novelle, cotte, al microonde",72,303
"Patate novelle, cotte, bollte",68,285
"Patate novelle, crude",72,303
"Patate, con buccia, cotte, bollite",88,367
"Patate, cotte, al microonde",88,367
"Patate, cotte, arrosto",152,636
"Patate, crude",72,303
"Patate, fritte",192,805
"Patate, senza buccia, cotte, bollite",74,310
"Patatine, fritte, confezionate in busta",512,2142
"Patatine, fritte, fast food",283,1184
Patè di coniglio,346,1447
Patè di fegato,341,1427
Patè di pollo,289,1208
Patè di prosciutto,358,1498
"Pecora, solo tessuto muscolare, crudo",121,506
Pecorino,404,1690
Pecorino romano,409,1710
Pecorino siciliano,427,1787
Pepe nero,311,1301
"Peperoncini piccanti, freschi",30,125
"Peperoni, cotti, in padella",143,598
"Peperoni, crudi",26,108
"Peperoni, gialli, cotti, al microonde",41,172
"Peperoni, gialli, crudi",35,145
"Peperoni, rossi e gialli, crudi",35,147
"Peperoni, rossi, cotti, al microonde",42,177
"Peperoni, rossi, crudi",34,144
"Peperoni, verdi, crudi",31,129
"Pere, candite",294,1229
"Pere, fresche, Abate Fetel",59,246
"Pere, fresche, Coscia",42,176
"Pere, fresche, Kaiser",48,200
"Pere, fresche, Max-Red Barlett",50,209
"Pere, fresche, senza buccia",43,179
"Pere, fresche, William",52,216
Pesce gatto,92,387
"Pesche, disidratate",364,1524
"Pesche, fresche, con buccia",28,119
"Pesche, fresche, senza buccia",30,126
"Pesche, sciroppate",56,236
"Pesche, secche",280,1173
"Peschenoci, fresche",36,150
Pesto alla genovese,250,1044
"Piccione giovane, crudo",138,577
Pinoli,604,2528
"Piselli, freschi",64,269
"Piselli, freschi, cotti, in padella",104,434
"Piselli, in scatola, scolati",78,328
"Piselli, secchi",317,1326
"Piselli, surgelati",61,256
Pistacchi,629,2631
Pistacchio di Bronte DOP,595,2491
Pizza bianca,306,1282
Pizza con pomodoro,248,1037
Pizza con pomodoro e mozzarella,255,1067
Pizza Napoletana Margherita STG,235,982
Polenta al ragù alla bolognese,114,479
Polenta al sugo di pomodoro,73,305
"Polenta, cotta",73,303
"Polenta, cruda",323,1353
Pollo all'ananas,126,527
Pollo alle mandorle,182,762
"Pollo, ala, con pelle, cotta, al forno",283,1186
"Pollo, ala, con pelle, crudo",196,818
"Pollo, fuso, con pelle, cotto, al forno",201,842
"Pollo, fuso, con pelle, crudo",125,523
"Pollo, fuso, senza pelle, cotto, al forno",175,734
"Pollo, fuso, senza pelle, crudo",107,449
"Pollo, intero, con pelle, cotto, al forno",200,838
"Pollo, intero, con pelle, cotto, arrosto",245,1027
"Pollo, intero, con pelle, crudo",171,717
"Pollo, intero, senza pelle, cotto, al forno",160,670
"Pollo, intero, senza pelle, cotto, arrosto",206,860
"Pollo, intero, senza pelle, crudo",110,460
"Pollo, petto, cotto, in padella",129,539
"Pollo, petto, crudo",100,420
"Pollo, sovracoscio, con pelle, cotto, al forno",219,918
"Pollo, sovracoscio, con pelle, crudo",196,818
"Pollo, sovracoscio, senza pelle, cotto, al forno",188,786
"Pollo, sovracoscio, senza pelle, crudo",132,550
Polmone di bovino,75,313
Polpo,57,237
Pomodori al riso,93,390
"Pomodori, conserva",100,417
"Pomodori, da insalata, freschi",19,80
"Pomodori, maturi, freschi",23,96
"Pomodori, Nerina, rossi, freschi",21,89
"Pomodori, Nerina, verdi, freschi",21,87
"Pomodori, passata",21,89
"Pomodori, pelati in scatola",22,94
"Pomodori, San Marzano, freschi",21,90
"Pomodori, succo",16,66
"Pomodorini ciliegino, freschi",37,155
"Pompelmo, fresco",29,121
Pop corn,408,1708
"Porri, cotti, bolliti",35,147
"Porri, crudi",35,145
"Prezzemolo, fresco",30,127
Prosciutto cotto,138,576
"Prosciutto cotto, alta qualità",182,762
"Prosciutto cotto, alta qualità, sgrassato",126,529
"Prosciutto cotto, scelto",155,649
"Prosciutto cotto, scelto, sgrassato",115,483
"Prosciutto cotto, sgrassato",107,446
Prosciutto crudo di montagna,303,1267
"Prosciutto crudo DOP, di Parma",269,1127
"Prosciutto crudo, di Modena DOP",309,1292
"Prosciutto crudo, di Modena DOP, sgrassato",201,842
"Prosciutto crudo, di Parma DOP, sgrassato",176,734
"Prosciutto crudo, di Pietraroja",358,1497
"Prosciutto crudo, di San Daniele DOP",271,1134
"Prosciutto crudo, di San Daniele DOP, sgrassato",176,736
"Prosciutto crudo, disossato",224,936
"Prosciutto crudo, disossato, sgrassato",159,664
"Prosciutto crudo, gambuccio",306,1282
"Prosciutto crudo, Nazionale",235,983
"Prosciutto crudo, Nazionale, sgrassato",169,707
Provolone,374,1564
"Prugne, fresche",45,189
"Prugne, gialle",30,127
"Prugne, rosse",45,190
"Prugne, secche",236,989
"Quaglia, crudo",161,674
"Quinoa, cotta, bollita",140,586
"Quinoa, cruda",376,1572
"Radicchio rosso di Treviso IGP, precoce",16,67
"Radicchio rosso di Treviso IGP, tardivo",16,68
Radicchio variegato di Castelfranco IGP,16,65
"Radicchio, rosso, fresco",19,77
"Radicchio, verde, fresco",14,59
Ragù alla bolognese,196,818
"Rana, crudo",64,267
"Rape, cotte, bollite",26,109
"Rape, crude",24,101
"Ravanelli, freschi",13,56
Ravioli al burro e salvia,238,995
Ravioli al sugo di pomodoro,135,564
Ravioli al vapore,270,1128
"Ravioli, cotti",177,739
"Ravioli, crudi, freschi",265,1109
Razza,68,283
Rene di bovino,118,494
"Ribes, freschi",52,216
Ricotta di bufala,212,885
Ricotta di pecora,157,658
Ricotta di vacca,146,613
Riso al ragù alla bolognese,145,608
Riso al sugo di pomodoro,90,377
"Riso Basmati, cotto, bollito",113,474
"Riso Basmati, crudo",367,1534
Riso burro e Parmigiano reggiano,144,601
Riso Cantonese,207,867
"Riso Venere, cotto, bollito",160,669
"Riso Venere, crudo",355,1484
"Riso, brillato",334,1397
"Riso, brillato, cotto, bollito",100,419
"Riso, integrale",341,1427
"Riso, integrale, cotto, bollito",113,471
"Riso, parboiled",338,1415
"Riso, parboiled, cotto, bollito",97,407
"Riso, soffiato, da prima colazione",354,1482
Risotto alla parmigiana,181,755
Robiola,338,1414
Rombo,81,341
"Rosmarino, fresco",110,460
"Rughetta o rucola, fresca",30,124
Salame Brianza,384,1608
Salame Fabriano,420,1759
Salame Felino,375,1569
Salame Milano,385,1610
Salame Napoli,378,1580
Salame nostrano,370,1547
Salame ungherese,420,1757
Salami italiani alla cacciatora DOP,411,1718
"Salmone, affumicato",147,613
"Salmone, fresco",185,776
"Salmone, in salamoia",192,802
Salpa,104,434
Salsiccia di Calabria,366,1532
Salsiccia di fegato,424,1773
"Salsiccia di suino, fresca",304,1273
"Salsiccia di suino, fresca, cotta, in padella",324,1354
"Salsiccia di suino, secca",514,2149
"Salvia, fresco",132,552
Sarago,97,407
Sarda,129,541
Sardine,225,943
"Sardine, fritte",324,1355
Sarmale,103,431
"Savoiardi, industriali",395,1651
Scaloppina di tacchino al limone,170,711
Scamorza,334,1398
Scarola,19,81
"Scarola IV gamma, fresca",17,71
Scorfano,82,342
"Sedano rapa, crudo",29,121
"Sedano, cotto, al microonde",24,100
"Sedano, crudo",23,97
Sego di bue,872,3647
Semola,346,1448
Seppia,72,302
Sgombro o maccarello,170,710
"Sgombro o maccarello, in salamoia",177,741
Sogliola,83,348
Sogliola al vino bianco,188,788
"Sogliola, surgelata",81,340
"Soia, bevanda",32,133
"Soia, isolato proteico",369,1545
"Soia, salsa",66,276
"Soia, secca",430,1800
"Soia, yogurt",72,303
Soppressata di Calabria,377,1577
Spaghetti fritti,165,692
Speck dell'Alto Adige IGP,299,1252
Spezzatino di vitellone al vino rosso,161,676
Spigola,82,342
Spigola al cartoccio,126,527
"Spigola d'allevamento, filetti",149,625
"Spinaci, cotti, al microonde",35,146
"Spinaci, cotti, bolliti",41,171
"Spinaci, crudi",35,145
"Spinaci, surgelati",15,62
Spumante,87,364
Storione,145,608
Stracchino,300,1255
Strutto o sugna,892,3733
"Struzzo, solo tessuto muscolare, cotto, al forno",101,424
"Struzzo, solo tessuto muscolare, crudo",92,384
Succo di frutta,56,236
Sugo di pomodoro,74,308
Suro o sugarello,104,435
Tabulè,95,399
"Tacchino intero, con pelle, crudo",135,564
"Tacchino intero, senza pelle, cotto, al forno",117,488
"Tacchino intero, senza pelle, crudo",109,457
"Tacchino, coscio, con pelle, crudo",131,548
"Tacchino, fesa, cotta, al forno",131,548
"Tacchino, fesa, crudo",107,447
"Tacchino, fuso, con pelle, cotto, al forno",191,797
"Tacchino, fuso, con pelle, crudo",126,526
"Tacchino, fuso, senza pelle, cotto, al forno",190,796
"Tacchino, fuso, senza pelle, crudo",113,474
"Tacchino, sovracoscio, senza pelle, cotto, al forno",182,761
"Tacchino, sovracoscio, senza pelle, crudo",120,502
Taleggio,315,1319
"Tarassaco o dente di leone, fresco",37,155
"Tartufo, nero",48,201
"Tè, foglie",108,450
Tinca,79,333
Tonno,159,666
"Tonno in salamoia, sgocciolato",103,431
"Tonno sott'olio, sgocciolato",192,803
"Topinambur, cotto, bollito",52,219
Torrone alla mandorla,483,2022
Torta di mele,300,1257
Torta margherita,370,1547
"Tortellini, freschi",302,1265
"Tortellini, freschi, cotti",158,659
"Tortellini, secchi",379,1587
Triglia,123,515
Trippa di bovino,108,453
Trota,86,359
Trota al forno,186,777
"Trota iridea d'allevamento, filetti",118,494
Trota surgelata,92,385
"Trota surgelata, cotta, al microonde",105,439
"Trota surgelata, cotta, in forno",136,567
"Uova di anatra, intero",190,795
"Uova di gallina, albume",43,180
"Uova di gallina, intero",128,535
"Uova di gallina, intero , cotto, a frittata o strapazzato",150,629
"Uova di gallina, intero , cotto, alla coque o sodo",128,535
"Uova di gallina, intero, congelato",128,535
"Uova di gallina, intero, in polvere",537,2246
"Uova di gallina, tuorlo",325,1360
"Uova di gallina, tuorlo , cotto, in camicia",325,1360
"Uova di gallina, tuorlo, congelato",325,1360
"Uova di gallina, tuorlo, in polvere",642,2688
"Uova di oca, intero",189,789
"Uova di tacchina, intero",147,614
"Uva, bianca, fresca",86,360
"Uva, fresca",64,269
"Uva, nera, fresca",53,223
"Uva, secca",293,1228
"Uva, succo, in cartone",66,277
"Vegetali misti, surgelati",67,281
Vermouth dolce,139,581
Vermouth secco,121,505
Vino da pasto bianco,70,293
Vino da pasto rosso,75,314
"Vitello, filetto, cotto in padella",126,529
"Vitello, filetto, crudo",107,448
Vongola,65,270
Wafer ricoperto di cioccolato,498,2085
Whisky,245,1025
"Wurstel di puro suino, cotto",259,1085
"Wurstel di puro suino, crudo",250,1045
Yogurt caprino,60,249
"Yogurt da latte intero, alla frutta",80,335
"Yogurt da latte, parzialmente scremato",43,181
"Yogurt da latte, scremato",36,152
"Yogurt greco, 0% lipidi",51,213
"Yogurt greco, 0% lipidi, aromatizzato",86,361
"Yogurt greco, da latte intero",115,481
"Yogurt greco, da latte magro, alla frutta",74,311
"Yogurt, 0% lipidi",42,177
"Yogurt, da latte intero",66,278
"Zampone confezionato, precotto",361,1510
"Zampone Modena IGP, cotto",262,1096
"Zucca gialla, fresca",29,123
"Zucchero, saccarosio",392,1640
"Zucchine chiare, cotte, al vapore",20,84
"Zucchine chiare, cotte, in padella grigliate",29,120
Zucchine grigliate,75,315
"Zucchine, chiare",17,72
"Zucchine, chiare, cotte, al microonde",23,98
"Zucchine, cotte, bollite",30,125
"Zucchine, crude",16,66
"Zucchine, scure, cotte, al microonde",23,98
"Zucchine, scure, cotte, al vapore",20,85
"Zucchine, scure, cotte, in padella grigliate",37,154
"Zucchine, scure, crude",17,70
